Workbook

Sheet Instructions
A1: MeridianPay Financial Services — Vendor / Third-Party Risk Assessment (NIST CSF 2.0: GV.SC)
A3: Purpose
A4: Applies the NIST CSF 2.0 Cybersecurity Supply Chain Risk Management category (GV.SC) to MeridianPay's seven key vendors: tier each vendor by criticality, assess its security controls with a 12-question questionnaire, and record the resulting risks with treatment plans. MeridianPay is a fictional company; all vendor names and assessment answers are invented for this portfolio.
A6: How the workbook flows
A7: 1. Vendor Tiering — score each vendor 1-3 on data sensitivity, system access and business impact. The sum sets the tier (GV.SC-04).
A8: 2. Questionnaire — 12 questions, each mapped to a CSF 2.0 subcategory.
A9: 3. Vendor Assessment — answers per vendor (0 = No/unknown, 1 = Partial, 2 = Yes). Control score = points earned / 24.
A10: 4. Risk Index = Criticality Score x (1 - Control Score). A critical vendor with weak controls scores highest.
A11: 5. Risk Register — vendor-level and program-level risks scored Likelihood x Impact (1-5 each), with treatment, owner and timeline.
A12: 6. Summary — roll-ups and a chart.
A14: Rating thresholds
A15: Tier: Criticality >= 8 = Tier 1 (Critical); 6-7 = Tier 2 (Important); 5 or below = Tier 3 (Standard).
... A24: Control mappings reference NIST CSF 2.0 and its Implementation Examples (NIST, Feb 2024), a U.S. government publication.

Sheet Vendor Tiering
A1: Vendor Criticality Tiering (CSF GV.SC-04)
A2: Score each factor 1-3 (blue = input). Criticality Score and Tier calculate automatically.
A4: Vendor | B4: Service | C4: Data Sensitivity (1-3) | D4: System Access (1-3) | E4: Business Impact (1-3) | F4: Criticality Score | G4: Tier | H4: Rationale
A5: CloudCore (AWS environment) | B5: Infrastructure hosting | C5: 3 | D5: 3 | E5: 3 | F5: =SUM(C5:E5) -> 9 | G5: =IF(F5>=8,"Tier 1 - Critical",IF(F5>=6,"Tier 2 - Important","Tier 3 - Standard")) -> Tier 1 - Critical | H5: Hosts the production payments platform, including PII and transaction data.
A6: ScreenSafe KYC/AML | B6: Identity & sanctions screening | C6: 3 | D6: 2 | E6: 3 | F6: =SUM(C6:E6) -> 8 | G6: =IF(F6>=8,"Tier 1 - Critical",IF(F6>=6,"Tier 2 - Important","Tier 3 - Standard")) -> Tier 1 - Critical | H6: Processes customer government ID data; regulatory-critical for onboarding.
A7: PaySettle Gateway | B7: Payment processing / settlement | C7: 3 | D7: 2 | E7: 3 | F7: =SUM(C7:E7) -> 8 | G7: =IF(F7>=8,"Tier 1 - Critical",IF(F7>=6,"Tier 2 - Important","Tier 3 - Standard")) -> Tier 1 - Critical | H7: Settles customer transactions; an outage stops core revenue.
A8: HelpDesk Solutions (MSP) | B8: IT support, endpoint management | C8: 2 | D8: 3 | E8: 2 | F8: =SUM(C8:E8) -> 7 | G8: =IF(F8>=8,"Tier 1 - Critical",IF(F8>=6,"Tier 2 - Important","Tier 3 - Standard")) -> Tier 2 - Important | H8: Holds administrative access to corporate endpoints.
A9: CloudHR Payroll | B9: HR / payroll SaaS | C9: 2 | D9: 1 | E9: 2 | F9: =SUM(C9:E9) -> 5 | G9: =IF(F9>=8,"Tier 1 - Critical",IF(F9>=6,"Tier 2 - Important","Tier 3 - Standard")) -> Tier 3 - Standard | H9: Holds employee PII and payroll data; no access to customer systems.
A10: BrightWave Support Outsourcing | B10: Outsourced customer support | C10: 2 | D10: 2 | E10: 2 | F10: =SUM(C10:E10) -> 6 | G10: =IF(F10>=8,"Tier 1 - Critical",IF(F10>=6,"Tier 2 - Important","Tier 3 - Standard")) -> Tier 2 - Important | H10: Overseas team handles customer PII, partly on BYOD devices.
A11: AdReach Marketing Agency | B11: Marketing / campaigns | C11: 1 | D11: 1 | E11: 1 | F11: =SUM(C11:E11) -> 3 | G11: =IF(F11>=8,"Tier 1 - Critical",IF(F11>=6,"Tier 2 - Important","Tier 3 - Standard")) -> Tier 3 - Standard | H11: Limited customer contact data; no system access.
A14: Scoring criteria
A15: Factor | B15: 1 = Low | C15: 2 = Medium | D15: 3 = High
A16: Data Sensitivity | B16: Limited contact data | C16: PII or internal business data | D16: High-sensitivity PII, financial or government ID data
A17: System Access | B17: No access to MeridianPay systems | C17: Limited or role-based access | D17: Privileged / administrative access
A18: Business Impact | B18: Minor inconvenience if unavailable | C18: Disrupts a business function | D18: Stops core business operations

Sheet Questionnaire
A1: Vendor Security Questionnaire (12 questions)
A2: Answer scale: 0 = No / unknown, 1 = Partial, 2 = Yes.
A4: ID | B4: Domain | C4: Question | D4: CSF 2.0 Mapping
A5: Q1 | B5: Contract Clauses | C5: Does the contract include security requirements proportionate to the vendor's criticality? | D5: GV.SC-05
A6: Q2 | B6: Certification | C6: Can the vendor provide current evidence of security practices (e.g., ISO 27001, SOC 2, PCI DSS)? | D6: GV.SC-05 / ID.RA-10
A7: Q3 | B7: Due Diligence | C7: Was security due diligence performed before onboarding the vendor? | D7: GV.SC-06
A8: Q4 | B8: MFA | C8: Is multifactor authentication enforced for vendor access to MeridianPay data and systems? | D8: PR.AA-03
A9: Q5 | B9: Encryption | C9: Is MeridianPay data encrypted in transit and at rest by the vendor? | D9: PR.DS-01 / PR.DS-02
A10: Q6 | B10: Incident SLA | C10: Is there a contractual deadline for the vendor to notify MeridianPay of a security incident? | D10: GV.SC-08 / RS.CO-02
A11: Q7 | B11: IR Exercises | C11: Is the vendor included in MeridianPay's incident response planning and exercises? | D11: GV.SC-08
A12: Q8 | B12: Ongoing Monitoring | C12: Is the vendor's security posture reassessed periodically throughout the relationship? | D12: GV.SC-07
A13: Q9 | B13: Sub-processors | C13: Does the vendor disclose its own subcontractors that touch MeridianPay data? | D13: GV.SC-05
A14: Q10 | B14: Offboarding | C14: Are there defined steps to revoke access and return or destroy data when the relationship ends? | D14: GV.SC-10
A15: Q11 | B15: BC / DR | C15: Does the vendor maintain and test business continuity and disaster recovery plans? | D15: ID.IM-04 / PR.DS-11
A16: Q12 | B16: Vuln Mgmt | C16: Does the vendor run vulnerability scanning and timely patching? | D16: ID.RA-01 / PR.PS-02

Sheet Vendor Assessment
A1: Vendor Control Assessment and Residual Risk (CSF GV.SC-06 / GV.SC-07)
A2: Answers (blue) are fictional: 0 = No / unknown, 1 = Partial, 2 = Yes. Risk Index = Criticality x (1 - Control Score).
A4: Vendor | B4: Criticality Score | C4: Tier | D4: Q1 Contract Clauses | E4: Q2 Certification | F4: Q3 Due Diligence | G4: Q4 MFA | H4: Q5 Encryption | I4: Q6 Incident SLA | J4: Q7 IR Exercises | K4: Q8 Ongoing Monitoring | L4: Q9 Sub-processors | M4: Q10 Offboarding | N4: Q11 BC / DR | O4: Q12 Vuln Mgmt | P4: Total (max 24) | Q4: Control Score | R4: Control Rating | S4: Risk Index | T4: Residual Risk
A5: ='Vendor Tiering'!A5 -> CloudCore (AWS environment) | B5: ='Vendor Tiering'!F5 -> 9 | C5: ='Vendor Tiering'!G5 -> Tier 1 - Critical | D5: 1 | E5: 2 | F5: 1 | G5: 2 | H5: 2 | I5: 1 | J5: 0 | K5: 0 | L5: 2 | M5: 1 | N5: 2 | O5: 2 | P5: =SUM(D5:O5) -> 16 | Q5: =P5/(COLUMNS(D5:O5)*2) -> 0.66666667 | R5: =IF(Q5>=0.75,"Strong",IF(Q5>=0.5,"Moderate","Weak")) -> Moderate | S5: =ROUND(B5*(1-Q5),1) -> 3 | T5: =IF(S5>=5,"High",IF(S5>=3,"Medium","Low")) -> Medium
A6: ='Vendor Tiering'!A6 -> ScreenSafe KYC/AML | B6: ='Vendor Tiering'!F6 -> 8 | C6: ='Vendor Tiering'!G6 -> Tier 1 - Critical | D6: 1 | E6: 1 | F6: 0 | G6: 1 | H6: 2 | I6: 0 | J6: 0 | K6: 0 | L6: 1 | M6: 0 | N6: 1 | O6: 1 | P6: =SUM(D6:O6) -> 8 | Q6: =P6/(COLUMNS(D6:O6)*2) -> 0.33333333 | R6: =IF(Q6>=0.75,"Strong",IF(Q6>=0.5,"Moderate","Weak")) -> Weak | S6: =ROUND(B6*(1-Q6),1) -> 5.3 | T6: =IF(S6>=5,"High",IF(S6>=3,"Medium","Low")) -> High
A7: ='Vendor Tiering'!A7 -> PaySettle Gateway | B7: ='Vendor Tiering'!F7 -> 8 | C7: ='Vendor Tiering'!G7 -> Tier 1 - Critical | D7: 2 | E7: 2 | F7: 1 | G7: 2 | H7: 2 | I7: 2 | J7: 0 | K7: 1 | L7: 1 | M7: 1 | N7: 2 | O7: 2 | P7: =SUM(D7:O7) -> 18 | Q7: =P7/(COLUMNS(D7:O7)*2) -> 0.75 | R7: =IF(Q7>=0.75,"Strong",IF(Q7>=0.5,"Moderate","Weak")) -> Strong | S7: =ROUND(B7*(1-Q7),1) -> 2 | T7: =IF(S7>=5,"High",IF(S7>=3,"Medium","Low")) -> Low
A8: ='Vendor Tiering'!A8 -> HelpDesk Solutions (MSP) | B8: ='Vendor Tiering'!F8 -> 7 | C8: ='Vendor Tiering'!G8 -> Tier 2 - Important | D8: 0 | E8: 0 | F8: 0 | G8: 1 | H8: 1 | I8: 0 | J8: 0 | K8: 0 | L8: 0 | M8: 0 | N8: 1 | O8: 1 | P8: =SUM(D8:O8) -> 4 | Q8: =P8/(COLUMNS(D8:O8)*2) -> 0.16666667 | R8: =IF(Q8>=0.75,"Strong",IF(Q8>=0.5,"Moderate","Weak")) -> Weak | S8: =ROUND(B8*(1-Q8),1) -> 5.8 | T8: =IF(S8>=5,"High",IF(S8>=3,"Medium","Low")) -> High
A9: ='Vendor Tiering'!A9 -> CloudHR Payroll | B9: ='Vendor Tiering'!F9 -> 5 | C9: ='Vendor Tiering'!G9 -> Tier 3 - Standard | D9: 1 | E9: 2 | F9: 1 | G9: 1 | H9: 2 | I9: 1 | J9: 0 | K9: 0 | L9: 1 | M9: 1 | N9: 1 | O9: 1 | P9: =SUM(D9:O9) -> 12 | Q9: =P9/(COLUMNS(D9:O9)*2) -> 0.5 | R9: =IF(Q9>=0.75,"Strong",IF(Q9>=0.5,"Moderate","Weak")) -> Moderate | S9: =ROUND(B9*(1-Q9),1) -> 2.5 | T9: =IF(S9>=5,"High",IF(S9>=3,"Medium","Low")) -> Low
A10: ='Vendor Tiering'!A10 -> BrightWave Support Outsourcing | B10: ='Vendor Tiering'!F10 -> 6 | C10: ='Vendor Tiering'!G10 -> Tier 2 - Important | D10: 0 | E10: 0 | F10: 0 | G10: 1 | H10: 1 | I10: 0 | J10: 0 | K10: 0 | L10: 0 | M10: 0 | N10: 0 | O10: 0 | P10: =SUM(D10:O10) -> 2 | Q10: =P10/(COLUMNS(D10:O10)*2) -> 0.083333333 | R10: =IF(Q10>=0.75,"Strong",IF(Q10>=0.5,"Moderate","Weak")) -> Weak | S10: =ROUND(B10*(1-Q10),1) -> 5.5 | T10: =IF(S10>=5,"High",IF(S10>=3,"Medium","Low")) -> High
A11: ='Vendor Tiering'!A11 -> AdReach Marketing Agency | B11: ='Vendor Tiering'!F11 -> 3 | C11: ='Vendor Tiering'!G11 -> Tier 3 - Standard | D11: 1 | E11: 0 | F11: 0 | G11: 1 | H11: 1 | I11: 0 | J11: 0 | K11: 0 | L11: 0 | M11: 0 | N11: 0 | O11: 0 | P11: =SUM(D11:O11) -> 3 | Q11: =P11/(COLUMNS(D11:O11)*2) -> 0.125 | R11: =IF(Q11>=0.75,"Strong",IF(Q11>=0.5,"Moderate","Weak")) -> Weak | S11: =ROUND(B11*(1-Q11),1) -> 2.6 | T11: =IF(S11>=5,"High",IF(S11>=3,"Medium","Low")) -> Low

Sheet Risk Register
A1: Third-Party Risk Register
A2: Score = Likelihood x Impact (1-5 each; blue = input). Rating: >= 15 High, 8-14 Medium, below 8 Low.
A4: Risk ID | B4: Vendor | C4: Risk Description | D4: CSF 2.0 Subcategory | E4: Likelihood (1-5) | F4: Impact (1-5) | G4: Score | H4: Rating | I4: Treatment | J4: Recommended Action | K4: Owner | L4: Target Timeline
A5: R-01 | B5: HelpDesk Solutions (MSP) | C5: MSP holds admin access to endpoints with no security clauses in its contract and no monitoring of its activity. | D5: GV.SC-05 / DE.CM-06 | E5: 4 | F5: 5 | G5: =E5*F5 -> 20 | H5: =IF(G5>=15,"High",IF(G5>=8,"Medium","Low")) -> High | I5: Mitigate | J5: Add security requirements and an access-monitoring clause to the MSP contract; enforce MFA and log all privileged sessions. | K5: CISO | L5: 30 days
A6: R-02 | B6: BrightWave Support Outsourcing | C6: Overseas support team handles customer PII, partly on BYOD devices, with no contractual security requirements or training evidence. | D6: GV.SC-05 / PR.AT-02 | E6: 4 | F6: 4 | G6: =E6*F6 -> 16 | H6: =IF(G6>=15,"High",IF(G6>=8,"Medium","Low")) -> High | I6: Mitigate | J6: Require security awareness training and device controls contractually; restrict customer-data access to managed devices. | K6: CISO / Head of IT | L6: 60 days
A7: R-03 | B7: ScreenSafe KYC/AML | C7: Regulatory-critical vendor onboarded without due diligence and with no contractual incident-notification deadline. | D7: GV.SC-06 / GV.SC-08 | E7: 3 | F7: 5 | G7: =E7*F7 -> 15 | H7: =IF(G7>=15,"High",IF(G7>=8,"Medium","Low")) -> High | I7: Mitigate | J7: Run a retrospective due diligence review; negotiate an incident-notification SLA and request a full SOC 2 Type II report. | K7: Compliance & MLRO | L7: 60 days
A8: R-04 | B8: All Tier 1 vendors | C8: Critical vendors are not included in incident response planning or exercises, so coordination during a breach is untested. | D8: GV.SC-08 / ID.IM-02 | E8: 3 | F8: 4 | G8: =E8*F8 -> 12 | H8: =IF(G8>=15,"High",IF(G8>=8,"Medium","Low")) -> Medium | I8: Mitigate | J8: Document vendor contacts and responsibilities in the incident response plan; include Tier 1 vendors in an annual tabletop exercise. | K8: CISO | L8: 90 days
A9: R-05 | B9: All vendors | C9: No defined offboarding process: access may not be revoked and data may not be returned or destroyed when a vendor relationship ends. | D9: GV.SC-10 | E9: 3 | F9: 4 | G9: =E9*F9 -> 12 | H9: =IF(G9>=15,"High",IF(G9>=8,"Medium","Low")) -> Medium | I9: Mitigate | J9: Create a vendor offboarding checklist covering access revocation, data return or destruction, and certification of deletion. | K9: Head of IT | L9: 90 days
A10: R-06 | B10: PaySettle Gateway | C10: Settlement outage or vendor failure has no contingency plan, which would halt core revenue-generating transactions. | D10: GV.SC-07 / ID.IM-04 | E10: 2 | F10: 5 | G10: =E10*F10 -> 10 | H10: =IF(G10>=15,"High",IF(G10>=8,"Medium","Low")) -> Medium | I10: Mitigate | J10: Define recovery objectives with PaySettle and document a fallback settlement procedure; review annually. | K10: Head of Product/Engineering | L10: 90 days
A11: R-07 | B11: CloudCore (AWS environment) | C11: No MeridianPay-specific security clauses and no shared-responsibility documentation for the primary hosting provider. | D11: GV.SC-05 / GV.RM-04 | E11: 2 | F11: 5 | G11: =E11*F11 -> 10 | H11: =IF(G11>=15,"High",IF(G11>=8,"Medium","Low")) -> Medium | I11: Mitigate | J11: Document the shared-responsibility model and map it to MeridianPay's controls; track AWS compliance reports annually. | K11: Head of IT | L11: 90 days
A12: R-08 | B12: All vendors | C12: No periodic reassessment: vendor risk is only considered at onboarding, so changes in vendor security posture go unnoticed. | D12: GV.SC-07 | E12: 3 | F12: 3 | G12: =E12*F12 -> 9 | H12: =IF(G12>=15,"High",IF(G12>=8,"Medium","Low")) -> Medium | I12: Mitigate | J12: Reassess Tier 1 vendors annually and Tier 2 every two years using the questionnaire in this project. | K12: CISO | L12: Next annual cycle
A13: R-09 | B13: CloudHR Payroll | C13: Employee payroll data held by a SaaS vendor with inconsistent MFA on the MeridianPay side. | D13: PR.AA-03 / GV.SC-05 | E13: 2 | F13: 3 | G13: =E13*F13 -> 6 | H13: =IF(G13>=15,"High",IF(G13>=8,"Medium","Low")) -> Low | I13: Mitigate | J13: Enforce MFA for all HR/payroll users and request the vendor's latest security attestation. | K13: Head of IT | L13: Next annual cycle
A14: R-10 | B14: AdReach Marketing Agency | C14: Limited customer contact data shared with the marketing agency, with no data-handling terms. | D14: GV.SC-05 | E14: 2 | F14: 2 | G14: =E14*F14 -> 4 | H14: =IF(G14>=15,"High",IF(G14>=8,"Medium","Low")) -> Low | I14: Accept | J14: Accept for now; add a standard data-handling clause at contract renewal. | K14: Compliance & MLRO | L14: Next contract renewal

Sheet Summary
A1: MeridianPay Vendor Risk — Summary
A3: Vendors by Tier
A4: Tier | B4: # Vendors | C4: Avg Control Score
A5: Tier 1 - Critical | B5: =COUNTIF('Vendor Tiering'!$G$5:$G$11,A5) -> 3 | C5: =AVERAGEIF('Vendor Assessment'!$C$5:$C$11,A5,'Vendor Assessment'!$Q$5:$Q$11) -> 0.58333333
A6: Tier 2 - Important | B6: =COUNTIF('Vendor Tiering'!$G$5:$G$11,A6) -> 2 | C6: =AVERAGEIF('Vendor Assessment'!$C$5:$C$11,A6,'Vendor Assessment'!$Q$5:$Q$11) -> 0.125
A7: Tier 3 - Standard | B7: =COUNTIF('Vendor Tiering'!$G$5:$G$11,A7) -> 2 | C7: =AVERAGEIF('Vendor Assessment'!$C$5:$C$11,A7,'Vendor Assessment'!$Q$5:$Q$11) -> 0.3125
A8: Total | B8: =SUM(B5:B7) -> 7 | C8: =AVERAGE('Vendor Assessment'!$Q$5:$Q$11) -> 0.375
A10: Vendors by Residual Risk
A11: Rating | B11: # Vendors
A12: High | B12: =COUNTIF('Vendor Assessment'!$T$5:$T$11,A12) -> 3
A13: Medium | B13: =COUNTIF('Vendor Assessment'!$T$5:$T$11,A13) -> 1
A14: Low | B14: =COUNTIF('Vendor Assessment'!$T$5:$T$11,A14) -> 3
A16: Risk Register by Rating
A17: Rating | B17: # Risks
A18: High | B18: =COUNTIF('Risk Register'!$H$5:$H$14,A18) -> 3
A19: Medium | B19: =COUNTIF('Risk Register'!$H$5:$H$14,A19) -> 5
A20: Low | B20: =COUNTIF('Risk Register'!$H$5:$H$14,A20) -> 2
A22: Risk Index by Vendor
A23: Vendor | B23: Criticality | C23: Control Score | D23: Risk Index | E23: Residual Risk
A24: ='Vendor Assessment'!A5 -> CloudCore (AWS environment) | B24: ='Vendor Assessment'!B5 -> 9 | C24: ='Vendor Assessment'!Q5 -> 0.66666667 | D24: ='Vendor Assessment'!S5 -> 3 | E24: ='Vendor Assessment'!T5 -> Medium
A25: ='Vendor Assessment'!A6 -> ScreenSafe KYC/AML | B25: ='Vendor Assessment'!B6 -> 8 | C25: ='Vendor Assessment'!Q6 -> 0.33333333 | D25: ='Vendor Assessment'!S6 -> 5.3 | E25: ='Vendor Assessment'!T6 -> High
A26: ='Vendor Assessment'!A7 -> PaySettle Gateway | B26: ='Vendor Assessment'!B7 -> 8 | C26: ='Vendor Assessment'!Q7 -> 0.75 | D26: ='Vendor Assessment'!S7 -> 2 | E26: ='Vendor Assessment'!T7 -> Low
A27: ='Vendor Assessment'!A8 -> HelpDesk Solutions (MSP) | B27: ='Vendor Assessment'!B8 -> 7 | C27: ='Vendor Assessment'!Q8 -> 0.16666667 | D27: ='Vendor Assessment'!S8 -> 5.8 | E27: ='Vendor Assessment'!T8 -> High
A28: ='Vendor Assessment'!A9 -> CloudHR Payroll | B28: ='Vendor Assessment'!B9 -> 5 | C28: ='Vendor Assessment'!Q9 -> 0.5 | D28: ='Vendor Assessment'!S9 -> 2.5 | E28: ='Vendor Assessment'!T9 -> Low
A29: ='Vendor Assessment'!A10 -> BrightWave Support Outsourcing | B29: ='Vendor Assessment'!B10 -> 6 | C29: ='Vendor Assessment'!Q10 -> 0.083333333 | D29: ='Vendor Assessment'!S10 -> 5.5 | E29: ='Vendor Assessment'!T10 -> High
A30: ='Vendor Assessment'!A11 -> AdReach Marketing Agency | B30: ='Vendor Assessment'!B11 -> 3 | C30: ='Vendor Assessment'!Q11 -> 0.125 | D30: ='Vendor Assessment'!S11 -> 2.6 | E30: ='Vendor Assessment'!T11 -> Low
