Workbook

Sheet Instructions
A1: MeridianPay Financial Services — NIST CSF 2.0 Gap / Maturity Assessment
A3: Purpose
A4: This workbook assesses MeridianPay's (fictional company) cybersecurity program against every Function, Category, and Subcategory in NIST Cybersecurity Framework (CSF) 2.0, using NIST's official Implementation Examples (Feb 2024) as the reference for what 'good' looks like.
A6: How to read the 'Gap Assessment' sheet
A7: - Reference Implementation Approach: a condensed, paraphrased summary of NIST's own implementation guidance for that subcategory.
A8: - Current State at MeridianPay: what the fictional company actually does today (the baseline scenario).
A9: - Maturity Score: 0-4 scale (see below), scored primarily at the Category level for a rapid maturity assessment.
A10: - Priority / Recommendation: the remediation action proposed to close the gap.
A12: Maturity Scale
A13: 0 - Not Performed: the practice does not exist in any form.
A14: 1 - Ad Hoc / Reactive: performed informally, inconsistently, and without documentation.
A15: 2 - Defined but Inconsistent: a practice or partial documentation exists but is not consistently applied or enforced.
... A20: NIST CSF 2.0 Implementation Examples (Feb 26, 2024) — National Institute of Standards and Technology, U.S. Department of Commerce. This is a U.S. government publication and is not subject to copyright.

Sheet Gap Assessment
A1: Function | B1: Category ID | C1: Category Name | D1: Subcategory ID | E1: Subcategory Outcome | F1: Reference Implementation Approach (NIST CSF 2.0) | G1: Current State at MeridianPay | H1: Maturity Score | I1: Priority | J1: Recommendation / Remediation Action
A2: GOVERN (GV) | B2: GV.OC | C2: Organizational Context | D2: GV.OC-01 | E2: The organizational mission is understood and informs cybersecurity risk management | F2: Communicate organizational mission to guide identification of risks that could impede it. | G2: Mission and stakeholder expectations are understood informally by the CISO and leadership, but not documented. No formal mapping of legal, regulatory, or contractual cybersecurity requirements exists. | H2: 1 | I2: High | J2: Document the mission-to-risk linkage, a stakeholder register, and a regulatory requirements tracker covering CBUAE, DIFC Data Protection Law, and the US banking partner's due-diligence expectations.
A3: GOVERN (GV) | B3: GV.OC | C3: Organizational Context | D3: GV.OC-02 | E3: Internal and external stakeholders are understood, and their cybersecurity expectations are considered | F3: Identify internal and external stakeholders and their cybersecurity expectations. | G3: Mission and stakeholder expectations are understood informally by the CISO and leadership, but not documented. No formal mapping of legal, regulatory, or contractual cybersecurity requirements exists. | H3: 1 | I3: High | J3: Document the mission-to-risk linkage, a stakeholder register, and a regulatory requirements tracker covering CBUAE, DIFC Data Protection Law, and the US banking partner's due-diligence expectations.
A4: GOVERN (GV) | B4: GV.OC | C4: Organizational Context | D4: GV.OC-03 | E4: Legal, regulatory, and contractual cybersecurity requirements are understood and managed | F4: Track legal, regulatory, and contractual cybersecurity requirements and align strategy to them. | G4: Mission and stakeholder expectations are understood informally by the CISO and leadership, but not documented. No formal mapping of legal, regulatory, or contractual cybersecurity requirements exists. | H4: 1 | I4: High | J4: Document the mission-to-risk linkage, a stakeholder register, and a regulatory requirements tracker covering CBUAE, DIFC Data Protection Law, and the US banking partner's due-diligence expectations.
A5: GOVERN (GV) | B5: GV.OC | C5: Organizational Context | D5: GV.OC-04 | E5: Critical objectives, capabilities, and services stakeholders depend on are understood and communicated | F5: Define criticality of capabilities/services and communicate resilience objectives (e.g., RTOs). | G5: Mission and stakeholder expectations are understood informally by the CISO and leadership, but not documented. No formal mapping of legal, regulatory, or contractual cybersecurity requirements exists. | H5: 1 | I5: High | J5: Document the mission-to-risk linkage, a stakeholder register, and a regulatory requirements tracker covering CBUAE, DIFC Data Protection Law, and the US banking partner's due-diligence expectations.
A6: GOVERN (GV) | B6: GV.OC | C6: Organizational Context | D6: GV.OC-05 | E6: Outcomes, capabilities, and services the organization depends on are understood and communicated | F6: Inventory external dependencies (e.g., cloud providers) and identify related points of failure. | G6: Mission and stakeholder expectations are understood informally by the CISO and leadership, but not documented. No formal mapping of legal, regulatory, or contractual cybersecurity requirements exists. | H6: 1 | I6: High | J6: Document the mission-to-risk linkage, a stakeholder register, and a regulatory requirements tracker covering CBUAE, DIFC Data Protection Law, and the US banking partner's due-diligence expectations.
A7: GOVERN (GV) | B7: GV.RM | C7: Risk Management Strategy | D7: GV.RM-01 | E7: Risk management objectives are established and agreed to by organizational stakeholders | F7: Establish and periodically update measurable cybersecurity risk objectives with leadership agreement. | G7: No formal risk management strategy, risk appetite statement, or standardized risk register exists. Risk decisions are made ad hoc by the CISO and Head of IT without documented criteria. | H7: 1 | I7: High | J7: Establish a risk management strategy with defined risk appetite/tolerance statements and implement a risk register template capturing likelihood, impact, treatment, and ownership.
A8: GOVERN (GV) | B8: GV.RM | C8: Risk Management Strategy | D8: GV.RM-02 | E8: Risk appetite and risk tolerance statements are established, communicated, and maintained | F8: Define and communicate risk appetite and translate it into measurable risk tolerance statements. | G8: No formal risk management strategy, risk appetite statement, or standardized risk register exists. Risk decisions are made ad hoc by the CISO and Head of IT without documented criteria. | H8: 1 | I8: High | J8: Establish a risk management strategy with defined risk appetite/tolerance statements and implement a risk register template capturing likelihood, impact, treatment, and ownership.
A9: GOVERN (GV) | B9: GV.RM | C9: Risk Management Strategy | D9: GV.RM-03 | E9: Cybersecurity risk management activities and outcomes are included in enterprise risk management processes | F9: Integrate cybersecurity risk into enterprise risk management alongside financial/operational/compliance risk. | G9: No formal risk management strategy, risk appetite statement, or standardized risk register exists. Risk decisions are made ad hoc by the CISO and Head of IT without documented criteria. | H9: 1 | I9: High | J9: Establish a risk management strategy with defined risk appetite/tolerance statements and implement a risk register template capturing likelihood, impact, treatment, and ownership.
A10: GOVERN (GV) | B10: GV.RM | C10: Risk Management Strategy | D10: GV.RM-04 | E10: Strategic direction describing appropriate risk response options is established and communicated | F10: Define risk response criteria (accept/avoid/transfer), including cyber insurance decisions. | G10: No formal risk management strategy, risk appetite statement, or standardized risk register exists. Risk decisions are made ad hoc by the CISO and Head of IT without documented criteria. | H10: 1 | I10: High | J10: Establish a risk management strategy with defined risk appetite/tolerance statements and implement a risk register template capturing likelihood, impact, treatment, and ownership.
A11: GOVERN (GV) | B11: GV.RM | C11: Risk Management Strategy | D11: GV.RM-05 | E11: Lines of communication across the organization are established for cybersecurity risks, including from suppliers | F11: Establish cross-department communication channels for cybersecurity risk, including from suppliers. | G11: No formal risk management strategy, risk appetite statement, or standardized risk register exists. Risk decisions are made ad hoc by the CISO and Head of IT without documented criteria. | H11: 1 | I11: High | J11: Establish a risk management strategy with defined risk appetite/tolerance statements and implement a risk register template capturing likelihood, impact, treatment, and ownership.
A12: GOVERN (GV) | B12: GV.RM | C12: Risk Management Strategy | D12: GV.RM-06 | E12: A standardized method for calculating, documenting, categorizing, and prioritizing cybersecurity risks is established | F12: Adopt a standardized method (e.g., a risk register) for calculating and prioritizing risk. | G12: No formal risk management strategy, risk appetite statement, or standardized risk register exists. Risk decisions are made ad hoc by the CISO and Head of IT without documented criteria. | H12: 1 | I12: High | J12: Establish a risk management strategy with defined risk appetite/tolerance statements and implement a risk register template capturing likelihood, impact, treatment, and ownership.
A13: GOVERN (GV) | B13: GV.RM | C13: Risk Management Strategy | D13: GV.RM-07 | E13: Strategic opportunities (positive risks) are characterized and included in risk discussions | F13: Identify and document positive/strategic opportunities alongside negative risks. | G13: No formal risk management strategy, risk appetite statement, or standardized risk register exists. Risk decisions are made ad hoc by the CISO and Head of IT without documented criteria. | H13: 1 | I13: High | J13: Establish a risk management strategy with defined risk appetite/tolerance statements and implement a risk register template capturing likelihood, impact, treatment, and ownership.
... A107: RECOVER (RC) | B107: RC.CO | C107: Incident Recovery Communication | D107: RC.CO-04 | E107: Public updates on incident recovery are shared using approved methods and messaging | F107: Share public updates on incident recovery using approved messaging. | G107: No defined process exists for communicating recovery status to leadership, the US banking partner, or customers during an incident. | H107: 1 | I107: Medium | J107: Extend the incident communication plan to cover recovery status updates and any required public/customer messaging.

Sheet Maturity Summary
A1: MeridianPay — Maturity Summary by Function
A3: Function | B3: Average Maturity Score (0-4) | C3: # High Priority Gaps | D3: # Subcategories
A4: GOVERN (GV) | B4: =ROUND(AVERAGEIF('Gap Assessment'!$A$2:$A$107,A4,'Gap Assessment'!$H$2:$H$107),2) -> 0.9 | C4: =COUNTIFS('Gap Assessment'!$A$2:$A$107,A4,'Gap Assessment'!$I$2:$I$107,"High") -> 24 | D4: =COUNTIF('Gap Assessment'!$A$2:$A$107,A4) -> 31
A5: IDENTIFY (ID) | B5: =ROUND(AVERAGEIF('Gap Assessment'!$A$2:$A$107,A5,'Gap Assessment'!$H$2:$H$107),2) -> 1.14 | C5: =COUNTIFS('Gap Assessment'!$A$2:$A$107,A5,'Gap Assessment'!$I$2:$I$107,"High") -> 10 | D5: =COUNTIF('Gap Assessment'!$A$2:$A$107,A5) -> 21
A6: PROTECT (PR) | B6: =ROUND(AVERAGEIF('Gap Assessment'!$A$2:$A$107,A6,'Gap Assessment'!$H$2:$H$107),2) -> 1.86 | C6: =COUNTIFS('Gap Assessment'!$A$2:$A$107,A6,'Gap Assessment'!$I$2:$I$107,"High") -> 12 | D6: =COUNTIF('Gap Assessment'!$A$2:$A$107,A6) -> 22
A7: DETECT (DE) | B7: =ROUND(AVERAGEIF('Gap Assessment'!$A$2:$A$107,A7,'Gap Assessment'!$H$2:$H$107),2) -> 0.45 | C7: =COUNTIFS('Gap Assessment'!$A$2:$A$107,A7,'Gap Assessment'!$I$2:$I$107,"High") -> 11 | D7: =COUNTIF('Gap Assessment'!$A$2:$A$107,A7) -> 11
A8: RESPOND (RS) | B8: =ROUND(AVERAGEIF('Gap Assessment'!$A$2:$A$107,A8,'Gap Assessment'!$H$2:$H$107),2) -> 0.69 | C8: =COUNTIFS('Gap Assessment'!$A$2:$A$107,A8,'Gap Assessment'!$I$2:$I$107,"High") -> 7 | D8: =COUNTIF('Gap Assessment'!$A$2:$A$107,A8) -> 13
A9: RECOVER (RC) | B9: =ROUND(AVERAGEIF('Gap Assessment'!$A$2:$A$107,A9,'Gap Assessment'!$H$2:$H$107),2) -> 1 | C9: =COUNTIFS('Gap Assessment'!$A$2:$A$107,A9,'Gap Assessment'!$I$2:$I$107,"High") -> 6 | D9: =COUNTIF('Gap Assessment'!$A$2:$A$107,A9) -> 8
A11: Overall | B11: =ROUND(AVERAGE('Gap Assessment'!$H$2:$H$107),2) -> 1.08 | C11: =COUNTIF('Gap Assessment'!$I$2:$I$107,"High") -> 70 | D11: =COUNTA('Gap Assessment'!$D$2:$D$107) -> 106
A14: Maturity by Category
A15: Category ID | B15: Category Name | C15: Function | D15: Average Maturity Score (0-4)
A16: GV.OC | B16: Organizational Context | C16: GOVERN (GV) | D16: =ROUND(AVERAGEIF('Gap Assessment'!$B$2:$B$107,A16,'Gap Assessment'!$H$2:$H$107),2) -> 1
A17: GV.RM | B17: Risk Management Strategy | C17: GOVERN (GV) | D17: =ROUND(AVERAGEIF('Gap Assessment'!$B$2:$B$107,A17,'Gap Assessment'!$H$2:$H$107),2) -> 1
A18: GV.SC | B18: Cybersecurity Supply Chain Risk Management | C18: GOVERN (GV) | D18: =ROUND(AVERAGEIF('Gap Assessment'!$B$2:$B$107,A18,'Gap Assessment'!$H$2:$H$107),2) -> 1
A19: GV.RR | B19: Roles, Responsibilities, and Authorities | C19: GOVERN (GV) | D19: =ROUND(AVERAGEIF('Gap Assessment'!$B$2:$B$107,A19,'Gap Assessment'!$H$2:$H$107),2) -> 1
A20: GV.PO | B20: Policy | C20: GOVERN (GV) | D20: =ROUND(AVERAGEIF('Gap Assessment'!$B$2:$B$107,A20,'Gap Assessment'!$H$2:$H$107),2) -> 1
A21: GV.OV | B21: Oversight | C21: GOVERN (GV) | D21: =ROUND(AVERAGEIF('Gap Assessment'!$B$2:$B$107,A21,'Gap Assessment'!$H$2:$H$107),2) -> 0
A22: ID.AM | B22: Asset Management | C22: IDENTIFY (ID) | D22: =ROUND(AVERAGEIF('Gap Assessment'!$B$2:$B$107,A22,'Gap Assessment'!$H$2:$H$107),2) -> 2
A23: ID.RA | B23: Risk Assessment | C23: IDENTIFY (ID) | D23: =ROUND(AVERAGEIF('Gap Assessment'!$B$2:$B$107,A23,'Gap Assessment'!$H$2:$H$107),2) -> 1
A24: ID.IM | B24: Improvement | C24: IDENTIFY (ID) | D24: =ROUND(AVERAGEIF('Gap Assessment'!$B$2:$B$107,A24,'Gap Assessment'!$H$2:$H$107),2) -> 0
A25: PR.AA | B25: Identity Management, Authentication, and Access Control | C25: PROTECT (PR) | D25: =ROUND(AVERAGEIF('Gap Assessment'!$B$2:$B$107,A25,'Gap Assessment'!$H$2:$H$107),2) -> 2.17
A26: PR.AT | B26: Awareness and Training | C26: PROTECT (PR) | D26: =ROUND(AVERAGEIF('Gap Assessment'!$B$2:$B$107,A26,'Gap Assessment'!$H$2:$H$107),2) -> 0
A27: PR.DS | B27: Data Security | C27: PROTECT (PR) | D27: =ROUND(AVERAGEIF('Gap Assessment'!$B$2:$B$107,A27,'Gap Assessment'!$H$2:$H$107),2) -> 1.75
... A37: RC.CO | B37: Incident Recovery Communication | C37: RECOVER (RC) | D37: =ROUND(AVERAGEIF('Gap Assessment'!$B$2:$B$107,A37,'Gap Assessment'!$H$2:$H$107),2) -> 1
